hz	rep	variant	frames	janky	p50	p90	p95	p99
60	1	off	583	3 (0.51%)	20ms	22ms	22ms	25ms
60	1	off	579	1 (0.17%)	9ms	12ms	14ms	18ms
60	1	snapshot	577	1 (0.17%)	10ms	12ms	13ms	17ms
60	1	off	579	1 (0.17%)	9ms	11ms	12ms	15ms
60	1	live-30fps-ds2	578	3 (0.52%)	12ms	15ms	17ms	25ms
60	1	off	579	1 (0.17%)	9ms	14ms	16ms	20ms
60	1	live-30fps-ds1	579	49 (8.46%)	23ms	25ms	26ms	30ms
60	1	off	578	1 (0.17%)	9ms	11ms	12ms	14ms
60	1	live-every-ds2	579	2 (0.35%)	12ms	15ms	18ms	24ms
60	1	off	576	1 (0.17%)	9ms	13ms	15ms	19ms
60	1	live-every-ds1	579	24 (4.15%)	22ms	25ms	26ms	28ms
60	2	off	570	1 (0.18%)	8ms	10ms	11ms	15ms
60	2	off	583	2 (0.34%)	9ms	14ms	16ms	20ms
60	2	snapshot	605	1 (0.17%)	11ms	16ms	17ms	21ms
60	2	off	578	1 (0.17%)	9ms	13ms	15ms	20ms
60	2	live-30fps-ds2	576	3 (0.52%)	12ms	14ms	16ms	20ms
60	2	off	579	1 (0.17%)	9ms	11ms	12ms	14ms
60	2	live-30fps-ds1	584	35 (5.99%)	22ms	25ms	26ms	30ms
60	2	off	583	1 (0.17%)	9ms	14ms	15ms	20ms
60	2	live-every-ds2	582	1 (0.17%)	12ms	15ms	17ms	20ms
60	2	off	580	2 (0.34%)	9ms	13ms	17ms	21ms
60	2	live-every-ds1	583	38 (6.52%)	23ms	25ms	26ms	30ms
60	3	off	582	1 (0.17%)	9ms	14ms	15ms	19ms
60	3	off	581	2 (0.34%)	9ms	14ms	16ms	22ms
60	3	snapshot	579	1 (0.17%)	11ms	14ms	17ms	21ms
60	3	off	580	1 (0.17%)	9ms	13ms	15ms	20ms
60	3	live-30fps-ds2	581	1 (0.17%)	12ms	14ms	15ms	21ms
60	3	off	580	1 (0.17%)	9ms	13ms	15ms	19ms
60	3	live-30fps-ds1	582	38 (6.53%)	22ms	25ms	26ms	31ms
60	3	off	580	1 (0.17%)	9ms	14ms	15ms	20ms
60	3	live-every-ds2	583	1 (0.17%)	11ms	13ms	14ms	18ms
60	3	off	575	1 (0.17%)	9ms	13ms	16ms	20ms
60	3	live-every-ds1	578	2 (0.35%)	13ms	16ms	18ms	23ms
